#,app_id,app_name,review_id,language_id,language_name,time_id,timestamp_created,timestamp_updated,recommended,votes_helpful,votes_funny,vote_score,comment_count,acquisition_id,steam_purchase,steam_gifted,written_during_beta,author_id,author_num_games_owned,author_num_reviews,author_playtime,author.playtime_last_two_weeks,author.playtime_at_review,author.last_played
3,292030,The Witcher 3: Wild Hunt,85184605,2887,english,8665,1611379970,1611379970,True,0,0,0.0,0,5001,True,False,False,765612,5,3,5587,3200,5524,1611383744
5,292030,The Witcher 3: Wild Hunt,85184171,2887,english,3550,1611379264,1611379264,True,0,0,0.0,0,5001,True,False,False,765612,11,1,823,823,823,1611379201
6,292030,The Witcher 3: Wild Hunt,85184064,2887,english,2330,1611379091,1611379091,True,0,0,0.0,0,5001,True,False,False,765612,27,2,4192,3398,4192,1611351734
9,292030,The Witcher 3: Wild Hunt,85182785,1920,spanish,3156,1611377005,1611377005,True,0,0,0.0,0,5001,True,False,False,765612,38,5,2399,333,2364,1611379080
15,292030,The Witcher 3: Wild Hunt,85180815,8453,spanish,4406,1611373708,1611373708,True,0,0,0.0,0,5001,True,False,False,765612,5,1,3586,0,3586,1609390978
18,292030,The Witcher 3: Wild Hunt,85180436,2887,english,5289,1611373086,1611373086,True,0,0,0.0,0,5001,True,False,False,765612,33,1,23329,177,23329,1611219011
20,292030,The Witcher 3: Wild Hunt,85179753,2887,english,8886,1611371978,1611371978,True,0,0,0.0,0,5001,True,False,False,765612,131,2,8557,2004,8557,1611370967
21,292030,The Witcher 3: Wild Hunt,85179400,2887,english,7604,1611371392,1611371392,True,0,0,0.0,0,5001,True,False,False,765612,60,9,2518,242,2518,1611371338
22,292030,The Witcher 3: Wild Hunt,85179341,2887,english,7732,1611371318,1611371318,True,0,0,0.0,0,5001,True,False,False,765612,59,5,553,35,517,1611373633
25,292030,The Witcher 3: Wild Hunt,85177892,2887,english,7746,1611369121,1611369121,True,0,0,0.0,0,5001,True,False,False,765612,54,1,20168,75,20092,1611373713
28,292030,The Witcher 3: Wild Hunt,85177534,1920,spanish,7968,1611368549,1611368549,True,0,0,0.0,0,5001,True,False,False,765612,175,20,3131,0,3131,1608261630
40,292030,The Witcher 3: Wild Hunt,85174737,2887,english,6681,1611364088,1611364088,True,0,0,0.0,0,5001,True,False,False,765612,111,11,8068,0,8068,1597493874
44,292030,The Witcher 3: Wild Hunt,85172993,1920,spanish,1336,1611361186,1611361186,True,0,0,0.0,0,5001,True,False,False,765612,78,10,3919,160,3919,1611279750
46,292030,The Witcher 3: Wild Hunt,85172769,2887,english,8655,1611360805,1611360805,True,0,0,0.0,0,5001,True,False,False,765612,44,7,974,537,861,1611367610
56,292030,The Witcher 3: Wild Hunt,85169788,2887,english,8721,1611356341,1611356341,True,0,0,0.0,0,5001,True,False,False,765612,25,2,930,88,930,1611059624
58,292030,The Witcher 3: Wild Hunt,85169685,2887,english,4317,1611356191,1611356191,True,0,0,0.0,0,5001,True,False,False,765612,48,1,9403,196,9236,1611378515
59,292030,The Witcher 3: Wild Hunt,85169128,2887,english,6278,1611355450,1611355450,True,0,0,0.0,0,5001,True,False,False,765612,280,13,1437,0,1437,1569254891
60,292030,The Witcher 3: Wild Hunt,85169052,2887,english,1911,1611355332,1611355332,True,0,0,0.0,0,5001,True,False,False,765612,22,4,8234,12,8234,1611353247
69,292030,The Witcher 3: Wild Hunt,85167135,2887,english,5111,1611352633,1611352633,True,0,0,0.0,0,5001,True,False,False,765612,4,1,4456,2123,4456,1611352414
72,292030,The Witcher 3: Wild Hunt,85166678,2887,english,7670,1611351974,1611351974,True,0,0,0.0,0,5001,True,False,False,765612,17,2,59008,288,59008,1611273818
74,292030,The Witcher 3: Wild Hunt,85166174,2887,english,8712,1611351215,1611351215,True,0,0,0.0,0,5001,True,False,False,765612,48,7,4573,4573,4401,1611361533
78,292030,The Witcher 3: Wild Hunt,85165440,2887,english,7136,1611350211,1611350211,True,0,0,0.0,0,5001,True,False,False,765612,4,2,5037,868,5037,1610814379
87,292030,The Witcher 3: Wild Hunt,85162932,2887,english,3476,1611346914,1611346914,True,0,0,0.0,0,5001,True,False,False,765612,4,1,12823,4367,12479,1611368348
91,292030,The Witcher 3: Wild Hunt,85162540,2887,english,2342,1611346388,1611346388,True,0,0,0.0,0,5001,True,False,False,765612,13,2,52263,176,52086,1611383048
92,292030,The Witcher 3: Wild Hunt,85161877,2887,english,5888,1611345538,1611345538,True,0,0,0.0,0,5001,True,False,False,765612,57,9,1839,1820,1630,1611376949
95,292030,The Witcher 3: Wild Hunt,85161177,2887,english,6825,1611344616,1611344616,True,0,0,0.0,0,5001,True,False,False,765612,127,3,12951,1300,12951,1611343558
98,292030,The Witcher 3: Wild Hunt,85160795,2887,english,6433,1611344113,1611344113,True,0,0,0.0,0,5001,True,False,False,765612,88,10,3358,2348,3358,1611343757
106,292030,The Witcher 3: Wild Hunt,85159609,1920,spanish,5031,1611342618,1611342618,True,0,0,0.0,0,5001,True,False,False,765612,113,9,7132,0,7132,1584338386
109,292030,The Witcher 3: Wild Hunt,85159198,2887,english,5531,1611342098,1611342098,True,0,0,0.0,0,5001,True,False,False,765612,61,2,12389,0,12389,1530733034
122,292030,The Witcher 3: Wild Hunt,85156371,2887,english,1713,1611338430,1611338430,True,0,0,0.0,0,5001,True,False,False,765612,160,4,9265,0,9265,1601073125
126,292030,The Witcher 3: Wild Hunt,85155437,2887,english,8535,1611337348,1611337348,True,0,0,0.0,0,5001,True,False,False,765612,24,2,3366,874,3366,1611006985
132,292030,The Witcher 3: Wild Hunt,85154697,1920,spanish,4757,1611336421,1611336421,True,0,0,0.0,0,5001,True,False,False,765612,90,11,4950,2698,4950,1611333504
136,292030,The Witcher 3: Wild Hunt,85154535,2887,english,3305,1611336202,1611336202,True,0,0,0.0,0,5001,True,False,False,765612,7,1,2390,2203,2386,1611336460
145,292030,The Witcher 3: Wild Hunt,85153684,2887,english,3352,1611335217,1611335217,True,0,0,0.0,0,5001,True,False,False,765612,15,1,7566,2011,7566,1611162757
154,292030,The Witcher 3: Wild Hunt,85152097,1920,spanish,2899,1611333297,1611333297,True,1,0,0.523809552,0,5001,True,False,False,765612,16,3,6688,0,6688,1608604475
155,292030,The Witcher 3: Wild Hunt,85152053,1920,spanish,5062,1611333250,1611333250,True,0,0,0.0,0,5001,True,False,False,765612,189,11,7819,0,7819,1492977526
158,292030,The Witcher 3: Wild Hunt,85151728,2887,english,4904,1611332913,1611332913,True,0,0,0.0,0,5001,True,False,False,765612,52,4,7181,1615,7180,1611377583
167,292030,The Witcher 3: Wild Hunt,85149311,2887,english,6571,1611330020,1611330020,True,0,0,0.0,0,5001,True,False,False,765612,17,2,1018,1018,806,1611387058
181,292030,The Witcher 3: Wild Hunt,85146651,1920,spanish,1493,1611326880,1611326880,True,0,0,0.0,0,5001,True,False,False,765612,25,1,5026,0,5026,1601315894
182,292030,The Witcher 3: Wild Hunt,85146476,1920,spanish,6234,1611326677,1611326677,True,0,0,0.0,0,5001,True,False,False,765612,146,1,1556,1554,1535,1611328474
187,292030,The Witcher 3: Wild Hunt,85146001,2887,english,5161,1611326108,1611326108,True,0,0,0.0,0,5001,True,False,False,765612,178,27,8172,0,8172,1609931447
197,292030,The Witcher 3: Wild Hunt,85144827,2887,english,5300,1611324720,1611325072,True,0,0,0.0,0,5001,True,False,False,765612,22,4,40800,15,40800,1611138414
201,292030,The Witcher 3: Wild Hunt,85144282,2887,english,7366,1611323968,1611323968,True,0,0,0.0,0,5001,True,False,False,765612,12,2,11095,0,11095,1602213242
205,292030,The Witcher 3: Wild Hunt,85143427,1920,spanish,7377,1611322848,1611322848,True,0,0,0.0,0,5001,True,False,False,765612,4,1,6502,2364,6334,1611368314
207,292030,The Witcher 3: Wild Hunt,85143108,2887,english,1138,1611322462,1611322462,True,0,0,0.0,0,5001,True,False,False,765612,5,1,2084,1523,1988,1611328285
210,292030,The Witcher 3: Wild Hunt,85142937,2887,english,4365,1611322256,1611322256,True,0,0,0.0,0,5001,True,False,False,765612,25,16,3944,3201,3944,1611321145
218,292030,The Witcher 3: Wild Hunt,85140060,2887,english,8629,1611318383,1611318383,True,0,0,0.0,0,5001,True,False,False,765612,133,5,5817,0,5817,1584120049
222,292030,The Witcher 3: Wild Hunt,85139421,1920,spanish,1218,1611317461,1611317461,True,0,0,0.0,0,5001,True,False,False,765612,34,5,11676,387,11676,1611317320
232,292030,The Witcher 3: Wild Hunt,85137931,2887,english,8650,1611315193,1611315193,True,0,0,0.0,0,5001,True,False,False,765612,167,1,3701,2700,3417,1611387535
242,292030,The Witcher 3: Wild Hunt,85135861,2887,english,2495,1611311997,1611311997,True,0,1,0.0,0,5001,True,False,False,765612,3,2,8343,1447,8063,1611341762
246,292030,The Witcher 3: Wild Hunt,85135078,2887,english,6826,1611310719,1611310719,True,0,0,0.0,0,5001,True,False,False,765612,68,5,9608,0,9608,1543245495
248,292030,The Witcher 3: Wild Hunt,85134950,2887,english,7052,1611310537,1611310537,True,0,0,0.0,0,5001,True,False,False,765612,81,2,1318,1040,1182,1611375916
251,292030,The Witcher 3: Wild Hunt,85133847,2887,english,3254,1611308730,1611308730,True,0,0,0.0,0,5001,True,False,False,765612,33,13,10380,0,10380,1607622264
253,292030,The Witcher 3: Wild Hunt,85133829,2887,english,2527,1611308709,1611308709,True,0,0,0.0,0,5001,True,False,False,765612,4,3,3611,3258,3611,1611292021
255,292030,The Witcher 3: Wild Hunt,85133524,2887,english,8022,1611308228,1611308228,True,0,0,0.0,0,5001,True,False,False,765612,54,9,1254,0,1254,1555060470
267,292030,The Witcher 3: Wild Hunt,85132026,2887,english,4577,1611305777,1611305777,True,1,0,0.523809552,0,5001,True,False,False,765612,24,1,5860,180,5860,1610737732
268,292030,The Witcher 3: Wild Hunt,85131702,1920,spanish,4191,1611305193,1611305193,True,0,0,0.0,0,5001,True,False,False,765612,95,2,18371,5267,18371,1611188111
279,292030,The Witcher 3: Wild Hunt,85129802,2887,english,3771,1611302060,1611302060,True,0,0,0.0,0,5001,True,False,False,765612,142,2,667,564,667,1611263705
294,292030,The Witcher 3: Wild Hunt,85127843,1920,spanish,5813,1611298543,1611298543,True,1,0,0.523809552,0,5001,True,False,False,765612,230,8,1392,1073,1304,1611367329
295,292030,The Witcher 3: Wild Hunt,85127842,2887,english,4566,1611298543,1611298543,True,0,0,0.0,0,5001,True,False,False,765612,106,30,4775,0,4775,1552360251
299,292030,The Witcher 3: Wild Hunt,85126226,2887,english,5205,1611295242,1611295242,True,0,0,0.0,0,5001,True,False,False,765612,26,1,3255,535,3194,1611299302
307,292030,The Witcher 3: Wild Hunt,85124871,2887,english,1744,1611292299,1611292299,True,0,0,0.0,0,5001,True,False,False,765612,137,6,7106,370,6735,1611314711
317,292030,The Witcher 3: Wild Hunt,85122999,2887,english,2460,1611288515,1611288515,True,0,0,0.0,0,5001,True,False,False,765612,410,9,6175,549,6008,1611386648
320,292030,The Witcher 3: Wild Hunt,85122346,2887,english,3719,1611287282,1611287282,True,0,0,0.0,0,5001,True,False,False,765612,2,1,3374,3024,2958,1611374290
324,292030,The Witcher 3: Wild Hunt,85120995,2887,english,4112,1611284731,1611284731,True,0,0,0.0,0,5001,True,False,False,765612,139,5,1648,25,1623,1611338473
326,292030,The Witcher 3: Wild Hunt,85120767,1920,spanish,5286,1611284343,1611284343,True,0,0,0.0,0,5001,True,False,False,765612,104,9,612,2,612,1611101254
328,292030,The Witcher 3: Wild Hunt,85120090,2887,english,5362,1611283165,1611283165,True,0,0,0.0,0,5001,True,False,False,765612,6,1,3217,1711,3127,1611375697
331,292030,The Witcher 3: Wild Hunt,85119425,2887,english,2482,1611281894,1611281894,True,0,0,0.0,0,5001,True,False,False,765612,31,3,985,944,192,1611381668
333,292030,The Witcher 3: Wild Hunt,85118583,1920,spanish,5689,1611280260,1611280260,True,0,0,0.0,0,5001,True,False,False,765612,7,1,910,910,432,1611377186
343,292030,The Witcher 3: Wild Hunt,85116369,2887,english,5342,1611276460,1611276460,True,0,0,0.0,0,5001,True,False,False,765612,11,1,5574,1596,5574,1611275591
348,292030,The Witcher 3: Wild Hunt,85114556,2887,english,7263,1611273291,1611273291,True,1,0,0.0,0,5001,True,False,False,765612,15,1,66744,3463,65694,1611383020
349,292030,The Witcher 3: Wild Hunt,85114535,2887,english,1666,1611273256,1611273256,True,1,0,0.0,0,5001,True,False,False,765612,47,7,10404,0,10404,1608595715
353,292030,The Witcher 3: Wild Hunt,85114125,2887,english,1940,1611272514,1611272514,True,1,0,0.0,0,5001,True,False,False,765612,279,16,12128,396,11781,1611356090
354,292030,The Witcher 3: Wild Hunt,85113848,1920,spanish,6746,1611272034,1611272034,True,1,0,0.476190478,0,5001,True,False,False,765612,3,1,1090,1080,982,1611386679
357,292030,The Witcher 3: Wild Hunt,85112710,2887,english,4961,1611269853,1611269853,True,0,0,0.0,0,5001,True,False,False,765612,39,3,4585,1,4585,1611269809
359,292030,The Witcher 3: Wild Hunt,85112170,2887,english,4437,1611268902,1611268902,True,0,0,0.0,0,5001,True,False,False,765612,251,2,2945,2945,2036,1611376857
364,292030,The Witcher 3: Wild Hunt,85111249,2887,english,3224,1611267360,1611267360,True,0,0,0.0,0,5001,True,False,False,765612,66,18,4890,0,4890,1595375080
365,292030,The Witcher 3: Wild Hunt,85111091,2887,english,2266,1611267095,1611267095,True,0,0,0.0,0,5001,True,False,False,765612,3,1,7366,3113,7134,1611344918
366,292030,The Witcher 3: Wild Hunt,85110723,8453,spanish,1671,1611266540,1611266540,True,0,0,0.0,0,5001,True,False,False,765612,20,7,6940,123,6940,1610222652
367,292030,The Witcher 3: Wild Hunt,85110378,2887,english,2469,1611266016,1611266016,True,0,0,0.474452555,0,5001,True,False,False,765612,23,6,558,558,186,1611288843
369,292030,The Witcher 3: Wild Hunt,85110198,2887,english,2392,1611265740,1611265740,True,0,0,0.0,0,5001,True,False,False,765612,87,5,12995,2490,12723,1611358088
370,292030,The Witcher 3: Wild Hunt,85110155,2887,english,6190,1611265669,1611265669,True,1,0,0.521739125,0,5001,True,False,False,765612,107,2,10016,0,10016,1604941099
376,292030,The Witcher 3: Wild Hunt,85109387,8453,spanish,8270,1611264439,1611264439,True,0,0,0.0,0,5001,True,False,False,765612,51,18,9441,69,9373,1611268662
378,292030,The Witcher 3: Wild Hunt,85108777,2887,english,1777,1611263613,1611263613,True,7,0,0.535178423,0,5001,True,False,False,765612,176,9,1662,143,1646,1611318743
385,292030,The Witcher 3: Wild Hunt,85107433,2887,english,5456,1611261786,1611261786,True,0,0,0.0,0,5001,True,False,False,765612,30,17,580,51,580,1610393030
391,292030,The Witcher 3: Wild Hunt,85106317,2887,english,6523,1611260150,1611260150,True,0,0,0.0,0,5001,True,False,False,765612,14,14,12379,0,12379,1609878656
392,292030,The Witcher 3: Wild Hunt,85106272,2887,english,4539,1611260076,1611260076,True,0,0,0.0,0,5001,True,False,False,765612,21,1,2598,827,2376,1611363004
398,292030,The Witcher 3: Wild Hunt,85104240,2887,english,2630,1611257334,1611257334,True,0,0,0.0,0,5001,True,False,False,765612,12,3,5026,3654,4601,1611357974
406,292030,The Witcher 3: Wild Hunt,85102930,2887,english,3757,1611255599,1611255599,True,0,0,0.0,0,5001,True,False,False,765612,65,16,2477,2474,284,1611387478
409,292030,The Witcher 3: Wild Hunt,85102394,1920,spanish,4379,1611254870,1611254870,True,0,0,0.0,0,5001,True,False,False,765612,8,2,3221,2250,3199,1611278043
410,292030,The Witcher 3: Wild Hunt,85102194,2887,english,8998,1611254625,1611254625,True,0,0,0.0,0,5001,True,False,False,765612,10,2,4985,588,4904,1611268293
415,292030,The Witcher 3: Wild Hunt,85101766,2887,english,6538,1611254058,1611254058,True,0,0,0.0,0,5001,True,False,False,765612,10,3,6656,1712,6498,1611345121
416,292030,The Witcher 3: Wild Hunt,85101319,2887,english,7941,1611253481,1611253481,True,0,0,0.0,0,5001,True,False,False,765612,520,12,5030,1243,5030,1611253420
423,292030,The Witcher 3: Wild Hunt,85099638,2887,english,6995,1611251408,1611251408,True,0,0,0.0,0,5001,True,False,False,765612,46,15,13383,4,13383,1610675455
426,292030,The Witcher 3: Wild Hunt,85099509,2887,english,4143,1611251259,1611251259,True,0,0,0.0,0,5001,True,False,False,765612,125,25,886,235,726,1611264023
427,292030,The Witcher 3: Wild Hunt,85099466,2887,english,4836,1611251206,1611254264,True,0,0,0.0,0,5001,True,False,False,765612,42,21,11971,2392,11921,1611311672
428,292030,The Witcher 3: Wild Hunt,85099150,2887,english,1416,1611250771,1611250771,True,0,0,0.0,0,5001,True,False,False,765612,4,1,2296,211,2296,1611250696
430,292030,The Witcher 3: Wild Hunt,85098627,2887,english,3894,1611250111,1611250111,True,0,0,0.0,0,5001,True,False,False,765612,20,1,1375,1375,1373,1611250312
436,292030,The Witcher 3: Wild Hunt,85098209,2887,english,8282,1611249610,1611249610,True,0,0,0.0,0,5001,True,False,False,765612,529,11,2296,1507,2296,1611249525
437,292030,The Witcher 3: Wild Hunt,85098056,2887,english,5650,1611249400,1611249400,True,0,0,0.0,0,5001,True,False,False,765612,3,1,714,48,712,1611286999
444,292030,The Witcher 3: Wild Hunt,85096942,2887,english,5366,1611247931,1611247931,True,0,0,0.0,0,5001,True,False,False,765612,2,1,7685,4326,7465,1611338305
459,292030,The Witcher 3: Wild Hunt,85094427,2887,english,8308,1611244695,1611244695,True,0,0,0.0,0,5001,True,False,False,765612,3,1,2886,2780,2386,1611365573
462,292030,The Witcher 3: Wild Hunt,85093819,2887,english,7888,1611243966,1611243966,True,0,0,0.0,0,5001,True,False,False,765612,62,3,15187,317,15009,1611335285
478,292030,The Witcher 3: Wild Hunt,85089934,2887,english,4788,1611239085,1611239085,True,0,0,0.0,0,5001,True,False,False,765612,202,34,17930,2698,17561,1611357714
489,292030,The Witcher 3: Wild Hunt,85088449,2887,english,4835,1611235252,1611235252,True,0,0,0.0,0,5001,True,False,False,765612,3,2,1780,1780,1088,1611369609
490,292030,The Witcher 3: Wild Hunt,85088419,2887,english,1127,1611235192,1611235192,True,0,0,0.0,0,5001,True,False,False,765612,43,10,9098,2132,9098,1611212381
492,292030,The Witcher 3: Wild Hunt,85088338,2887,english,8807,1611235094,1611235094,True,0,0,0.0,0,5001,True,False,False,765612,10,2,1824,551,1824,1611214287
497,292030,The Witcher 3: Wild Hunt,85087291,2887,english,8020,1611233737,1611233737,True,0,0,0.0,0,5001,True,False,False,765612,108,28,3199,2416,2624,1611357932
498,292030,The Witcher 3: Wild Hunt,85087117,2887,english,5101,1611233489,1611233668,True,0,0,0.0,0,5001,True,False,False,765612,93,10,5251,3026,5251,1611168684
500,292030,The Witcher 3: Wild Hunt,85086716,2887,english,7340,1611232911,1611232911,True,0,0,0.0,0,5001,True,False,False,765612,17,4,7476,2831,7370,1611242166
508,292030,The Witcher 3: Wild Hunt,85085597,2887,english,5711,1611231353,1611231353,True,0,0,0.0,0,5001,True,False,False,765612,94,8,3555,2791,3052,1611386657
512,292030,The Witcher 3: Wild Hunt,85085097,2887,english,4162,1611230690,1611230690,True,0,0,0.0,0,5001,True,False,False,765612,12,3,1158,1010,709,1611385296
519,292030,The Witcher 3: Wild Hunt,85082431,2887,english,5936,1611226712,1611226712,True,0,0,0.0,0,5001,True,False,False,765612,65,10,1593,1532,1312,1611259037
522,292030,The Witcher 3: Wild Hunt,85081984,2887,english,2391,1611226012,1611226012,True,0,0,0.0,0,5001,True,False,False,765612,10,1,25550,10608,25550,1611032004
526,292030,The Witcher 3: Wild Hunt,85081514,2887,english,8661,1611225268,1611225268,True,0,0,0.0,0,5001,True,False,False,765612,31,2,3939,317,3919,1611325200
531,292030,The Witcher 3: Wild Hunt,85080597,2887,english,1463,1611223874,1611223874,True,0,0,0.0,0,5001,True,False,False,765612,190,6,5761,4,5761,1610736629
540,292030,The Witcher 3: Wild Hunt,85079013,2887,english,5664,1611221380,1611221380,True,0,0,0.0,0,5001,True,False,False,765612,94,2,9984,25,9958,1611223005
543,292030,The Witcher 3: Wild Hunt,85078333,2887,english,6723,1611220353,1611220353,True,0,0,0.0,0,5001,True,False,False,765612,65,2,17865,101,17763,1611232411
546,292030,The Witcher 3: Wild Hunt,85078116,2887,english,7552,1611219944,1611219944,True,0,0,0.0,0,5001,True,False,False,765612,317,10,2721,1897,2301,1611387863
547,292030,The Witcher 3: Wild Hunt,85077663,2887,english,1366,1611219404,1611219404,True,0,0,0.0,0,5001,True,False,False,765612,16,1,2380,1294,1690,1611356782
550,292030,The Witcher 3: Wild Hunt,85076956,2887,english,1190,1611218184,1611218184,True,0,0,0.0,0,5001,True,False,False,765612,16,4,9709,3419,9709,1611217799
553,292030,The Witcher 3: Wild Hunt,85076565,2887,english,5043,1611217778,1611217778,True,0,0,0.0,0,5001,True,False,False,765612,970,7,19334,2430,18755,1611387342
555,292030,The Witcher 3: Wild Hunt,85075742,2887,english,5826,1611216695,1611216695,True,0,0,0.0,0,5001,True,False,False,765612,204,25,12015,2582,11992,1611219108
558,292030,The Witcher 3: Wild Hunt,85075158,2887,english,4935,1611215703,1611215703,True,0,0,0.0,0,5001,True,False,False,765612,137,1,2765,2657,2133,1611385735
562,292030,The Witcher 3: Wild Hunt,85074347,2887,english,6702,1611214313,1611214313,True,0,0,0.0,0,5001,True,False,False,765612,25,4,519,481,516,1611253122
566,292030,The Witcher 3: Wild Hunt,85073437,2887,english,3980,1611212637,1611212637,True,0,0,0.0,0,5001,True,False,False,765612,30,1,10565,0,10565,1609933408
567,292030,The Witcher 3: Wild Hunt,85073408,2887,english,3487,1611212586,1611212856,True,0,0,0.0,0,5001,True,False,False,765612,51,3,8691,0,8691,1594364688
572,292030,The Witcher 3: Wild Hunt,85071987,2887,english,4485,1611209728,1611209728,True,0,0,0.0,0,5001,True,False,False,765612,11,6,8040,4022,8040,1611182589
575,292030,The Witcher 3: Wild Hunt,85071342,2887,english,5302,1611208412,1611208412,True,0,0,0.0,0,5001,True,False,False,765612,102,10,7624,3226,6765,1611334807
578,292030,The Witcher 3: Wild Hunt,85070516,2887,english,4240,1611206763,1611206763,True,0,0,0.0,0,5001,True,False,False,765612,144,2,10251,602,10251,1611206742
581,292030,The Witcher 3: Wild Hunt,85069586,2887,english,1748,1611204806,1611204806,True,0,0,0.0,0,5001,True,False,False,765612,11,3,1474,989,1123,1611375721
584,292030,The Witcher 3: Wild Hunt,85068669,2887,english,3558,1611202941,1611202941,True,0,0,0.0,0,5001,True,False,False,765612,35,2,7133,1318,6995,1611210777
588,292030,The Witcher 3: Wild Hunt,85067713,2887,english,6927,1611201152,1611201152,True,0,0,0.0,0,5001,True,False,False,765612,46,31,1669,0,1669,1610163754
589,292030,The Witcher 3: Wild Hunt,85067711,2887,english,7120,1611201147,1611201147,True,0,0,0.0,0,5001,True,False,False,765612,9,2,1640,1640,1353,1611297923
592,292030,The Witcher 3: Wild Hunt,85067171,2887,english,7828,1611200194,1611200194,True,0,0,0.0,0,5001,True,False,False,765612,123,24,2607,282,2324,1611378192
593,292030,The Witcher 3: Wild Hunt,85067095,1920,spanish,7987,1611200056,1611200056,True,0,0,0.0,0,5001,True,False,False,765612,34,2,3452,2440,3160,1611358029
595,292030,The Witcher 3: Wild Hunt,85066583,2887,english,7454,1611199154,1611199693,True,0,0,0.0,0,5001,True,False,False,765612,125,7,11779,726,11779,1610551243
598,292030,The Witcher 3: Wild Hunt,85066126,2887,english,1759,1611198336,1611198336,True,0,0,0.0,0,5001,True,False,False,765612,42,4,24905,3340,24121,1611385178
599,292030,The Witcher 3: Wild Hunt,85065921,2887,english,6277,1611197921,1611197921,True,0,0,0.0,0,5001,True,False,False,765612,18,2,6439,0,6439,1604537863
601,292030,The Witcher 3: Wild Hunt,85065334,2887,english,6406,1611196828,1611196828,True,0,0,0.0,0,5001,True,False,False,765612,4,1,513,497,185,1611352651
603,292030,The Witcher 3: Wild Hunt,85064995,2887,english,4194,1611196212,1611196212,True,0,0,0.0,0,5001,True,False,False,765612,36,2,2970,2970,2604,1611341071
619,292030,The Witcher 3: Wild Hunt,85061197,2887,english,3716,1611189487,1611189487,True,0,0,0.0,0,5001,True,False,False,765612,71,34,563,40,537,1611381306
621,292030,The Witcher 3: Wild Hunt,85060908,2887,english,8002,1611188944,1611188944,True,0,0,0.0,0,5001,True,False,False,765612,72,50,1333,121,1306,1611248309
622,292030,The Witcher 3: Wild Hunt,85060722,2887,english,5304,1611188564,1611188564,True,0,0,0.0,0,5001,True,False,False,765612,97,1,8286,817,8063,1611358811
623,292030,The Witcher 3: Wild Hunt,85060160,2887,english,8817,1611187480,1611187480,True,0,0,0.0,0,5001,True,False,False,765612,121,1,13740,2708,13611,1611250733
626,292030,The Witcher 3: Wild Hunt,85058919,2887,english,8210,1611185152,1611185152,True,0,0,0.0,0,5001,True,False,False,765612,33,1,6883,6,6877,1611185665
628,292030,The Witcher 3: Wild Hunt,85058900,2887,english,6531,1611185118,1611185118,True,0,0,0.0,0,5001,True,False,False,765612,116,5,7815,0,7815,1607690198
634,292030,The Witcher 3: Wild Hunt,85058370,1920,spanish,7907,1611184225,1611184225,True,0,0,0.0,0,5001,True,False,False,765612,61,6,1776,601,1495,1611378200
636,292030,The Witcher 3: Wild Hunt,85057704,2887,english,8961,1611183139,1611183139,True,0,0,0.0,0,5001,True,False,False,765612,103,7,1386,146,1386,1611012829
639,292030,The Witcher 3: Wild Hunt,85057330,2887,english,1682,1611182441,1611182441,True,1,0,0.0,0,5001,True,False,False,765612,57,7,1685,1086,1180,1611382062
640,292030,The Witcher 3: Wild Hunt,85057146,2887,english,6393,1611182148,1611182148,True,0,0,0.0,0,5001,True,False,False,765612,79,6,7801,14,7801,1610682954
641,292030,The Witcher 3: Wild Hunt,85056942,2887,english,7645,1611181901,1611181901,True,0,0,0.0,0,5001,True,False,False,765612,92,11,11028,0,11028,1589957071
644,292030,The Witcher 3: Wild Hunt,85055880,2887,english,8646,1611180282,1611180282,True,1,0,0.0,0,5001,True,False,False,765612,71,8,7092,0,7092,1606326220
647,292030,The Witcher 3: Wild Hunt,85055562,2887,english,6140,1611179786,1611179786,True,0,0,0.0,0,5001,True,False,False,765612,94,2,5934,106,5934,1611160767
660,292030,The Witcher 3: Wild Hunt,85053132,2887,english,8324,1611176242,1611176242,True,0,0,0.0,0,5001,True,False,False,765612,23,17,1151,1151,183,1611344798
666,292030,The Witcher 3: Wild Hunt,85051806,2887,english,6131,1611174440,1611174440,True,0,0,0.0,0,5001,True,False,False,765612,11,5,11540,6268,10760,1611361453
675,292030,The Witcher 3: Wild Hunt,85050339,1920,spanish,1484,1611172464,1611172464,True,0,0,0.0,0,5001,True,False,False,765612,37,3,3200,1246,3069,1611196309
678,292030,The Witcher 3: Wild Hunt,85049807,8453,spanish,4895,1611171762,1611171762,True,0,0,0.0,0,5001,True,False,False,765612,41,1,3600,2213,3204,1611300493
684,292030,The Witcher 3: Wild Hunt,85049145,2887,english,7708,1611170818,1611170818,True,0,0,0.0,0,5001,True,False,False,765612,672,208,7072,0,7072,1529545459
687,292030,The Witcher 3: Wild Hunt,85048924,2887,english,5550,1611170486,1611170486,True,0,0,0.0,0,5001,True,False,False,765612,32,4,19840,621,19218,1611286686
690,292030,The Witcher 3: Wild Hunt,85048783,2887,english,2890,1611170329,1611170329,True,1,0,0.523809552,0,5001,True,False,False,765612,100,1,17521,6212,17521,1611169421
692,292030,The Witcher 3: Wild Hunt,85048082,2887,english,1100,1611169440,1611169440,True,0,0,0.0,0,5001,True,False,False,765612,6,1,3817,3817,3036,1611351978
693,292030,The Witcher 3: Wild Hunt,85047898,2887,english,2101,1611169193,1611169193,True,0,0,0.0,0,5001,True,False,False,765612,48,2,6086,218,5935,1611330557
694,292030,The Witcher 3: Wild Hunt,85047868,2887,english,8470,1611169149,1611169149,True,0,0,0.0,0,5001,True,False,False,765612,147,8,7930,1733,7673,1611311122
696,292030,The Witcher 3: Wild Hunt,85047191,2887,english,1258,1611168259,1611168259,True,0,0,0.0,0,5001,True,False,False,765612,11,1,1427,0,1427,1609822945
699,292030,The Witcher 3: Wild Hunt,85046644,2887,english,4952,1611167524,1611167524,True,0,0,0.0,0,5001,True,False,False,765612,43,1,45036,4548,43639,1611345654
705,292030,The Witcher 3: Wild Hunt,85045011,2887,english,4283,1611165493,1611165493,True,0,0,0.0,0,5001,True,False,False,765612,94,10,2588,1517,1694,1611387256
721,292030,The Witcher 3: Wild Hunt,85039997,2887,english,1862,1611158900,1611243355,True,1,0,0.523809552,0,5001,True,False,False,765612,16,1,6116,2776,5124,1611367770
737,292030,The Witcher 3: Wild Hunt,85037344,2887,english,2973,1611155491,1611155491,True,0,0,0.0,0,5001,True,False,False,765612,13,1,6959,5696,5030,1611383270
746,292030,The Witcher 3: Wild Hunt,85036422,2887,english,5806,1611154322,1611154322,True,1,0,0.0,0,5001,True,False,False,765612,5,2,1257,834,1209,1611243220
748,292030,The Witcher 3: Wild Hunt,85036283,2887,english,8066,1611154151,1611154151,True,1,0,0.0,0,5001,True,False,False,765612,71,7,9254,3715,8349,1611386122
749,292030,The Witcher 3: Wild Hunt,85036200,2887,english,6130,1611154060,1611154060,True,1,0,0.0,0,5001,True,False,False,765612,79,8,1232,0,1232,1608888183
753,292030,The Witcher 3: Wild Hunt,85035786,2887,english,1365,1611153522,1611153522,True,1,0,0.0,0,5001,True,False,False,765612,26,1,4702,1,4701,1611168697
764,292030,The Witcher 3: Wild Hunt,85034647,2887,english,4679,1611152087,1611152087,True,1,0,0.0,0,5001,True,False,False,765612,40,4,4932,4791,4118,1611334271
779,292030,The Witcher 3: Wild Hunt,85032419,2887,english,8343,1611149181,1611149181,True,2,0,0.0,0,5001,True,False,False,765612,9,2,11227,575,11227,1610549119
782,292030,The Witcher 3: Wild Hunt,85032139,1920,spanish,2398,1611148803,1611148803,True,0,0,0.0,0,5001,True,False,False,765612,155,4,976,0,976,1580162520
791,292030,The Witcher 3: Wild Hunt,85030664,2887,english,5747,1611146738,1611146738,True,0,0,0.0,0,5001,True,False,False,765612,4,1,11716,6681,10429,1611354795
795,292030,The Witcher 3: Wild Hunt,85030194,2887,english,1518,1611146052,1611146052,True,0,0,0.0,0,5001,True,False,False,765612,87,71,14614,1967,14212,1611349984
801,292030,The Witcher 3: Wild Hunt,85028977,1920,spanish,5725,1611144243,1611144243,True,0,0,0.0,0,5001,True,False,False,765612,65,5,7227,0,7227,1564266270
805,292030,The Witcher 3: Wild Hunt,85028794,2887,english,4972,1611143990,1611143990,True,0,0,0.0,0,5001,True,False,False,765612,41,6,7412,2463,7412,1610957036
806,292030,The Witcher 3: Wild Hunt,85028428,2887,english,3925,1611143414,1611143414,True,2,0,0.545454562,3,5001,True,False,False,765612,11,5,2923,0,2923,1609678469
811,292030,The Witcher 3: Wild Hunt,85027632,2887,english,7882,1611142196,1611142196,True,0,0,0.0,0,5001,True,False,False,765612,7,3,861,860,242,1611387947
813,292030,The Witcher 3: Wild Hunt,85027096,2887,english,7374,1611141380,1611141380,True,0,0,0.0,0,5001,True,False,False,765612,17,8,601,450,496,1611147676
817,292030,The Witcher 3: Wild Hunt,85026277,2887,english,3754,1611140126,1611140126,True,1,0,0.521739125,0,5001,True,False,False,765612,63,42,2359,0,2359,1607887326
825,292030,The Witcher 3: Wild Hunt,85024912,2887,english,1625,1611137911,1611137911,True,0,0,0.0,0,5001,True,False,False,765612,66,5,8409,6348,6762,1611356247
828,292030,The Witcher 3: Wild Hunt,85024254,2887,english,7947,1611136810,1611136810,True,0,0,0.0,0,5001,True,False,False,765612,105,1,3367,2533,3052,1611387537
841,292030,The Witcher 3: Wild Hunt,85021815,2887,english,1862,1611133086,1611133086,True,0,0,0.0,0,5001,True,False,False,765612,20,4,24372,3966,23874,1611335403
843,292030,The Witcher 3: Wild Hunt,85021687,2887,english,6573,1611132863,1611132863,True,1,0,0.0,0,5001,True,False,False,765612,21,1,13267,2542,12171,1611387837
844,292030,The Witcher 3: Wild Hunt,85021582,2887,english,3961,1611132681,1611132681,True,0,0,0.0,0,5001,True,False,False,765612,109,3,13330,6160,11661,1611386876
850,292030,The Witcher 3: Wild Hunt,85020751,2887,english,6193,1611131224,1611131224,True,0,0,0.0,0,5001,True,False,False,765612,92,10,2658,626,2454,1611302256
857,292030,The Witcher 3: Wild Hunt,85020274,2887,english,1849,1611130363,1611130363,True,0,0,0.0,0,5001,True,False,False,765612,39,2,1957,1957,1553,1611371099
860,292030,The Witcher 3: Wild Hunt,85019339,2887,english,7061,1611128554,1611128554,True,0,0,0.0,0,5001,True,False,False,765612,74,6,13779,0,13779,1597483074
866,292030,The Witcher 3: Wild Hunt,85017363,8453,spanish,2369,1611125172,1611125208,True,0,0,0.0,0,5001,True,False,False,765612,211,30,4899,3605,4899,1611030562
867,292030,The Witcher 3: Wild Hunt,85016959,2887,english,5129,1611124322,1611124322,True,1,1,0.51263541,0,5001,True,False,False,765612,6,4,3531,1628,3531,1611118453
869,292030,The Witcher 3: Wild Hunt,85016723,2887,english,8789,1611123864,1611123864,True,0,0,0.0,0,5001,True,False,False,765612,6,1,4047,3415,3299,1611286814
870,292030,The Witcher 3: Wild Hunt,85016308,2887,english,3082,1611123028,1611123028,True,0,0,0.0,0,5001,True,False,False,765612,417,16,6188,64,6188,1610335856
872,292030,The Witcher 3: Wild Hunt,85015766,2887,english,1236,1611121883,1611121883,True,0,0,0.0,0,5001,True,False,False,765612,23,3,2993,1147,2993,1611121373
873,292030,The Witcher 3: Wild Hunt,85015657,2887,english,7018,1611121687,1611121687,True,10,0,0.602837861,0,5001,True,False,False,765612,41,7,10413,5664,9659,1611346209
877,292030,The Witcher 3: Wild Hunt,85015206,2887,english,3681,1611120803,1611120803,True,0,0,0.0,0,5001,True,False,False,765612,25,4,9530,8265,7975,1611379310
880,292030,The Witcher 3: Wild Hunt,85014993,2887,english,7436,1611120398,1611120398,True,0,0,0.0,0,5001,True,False,False,765612,147,7,2957,276,2957,1611120233
881,292030,The Witcher 3: Wild Hunt,85014896,2887,english,7854,1611120194,1611120194,True,0,0,0.0,0,5001,True,False,False,765612,115,10,1240,1240,817,1611350557
886,292030,The Witcher 3: Wild Hunt,85014082,2887,english,1758,1611118608,1611118608,True,0,0,0.0,0,5001,True,False,False,765612,13,4,4293,3057,3825,1611328401
894,292030,The Witcher 3: Wild Hunt,85012384,2887,english,7154,1611115396,1611115396,True,0,0,0.0,0,5001,True,False,False,765612,69,2,3408,1070,3237,1611287937
896,292030,The Witcher 3: Wild Hunt,85011721,2887,english,7628,1611114145,1611114145,True,0,0,0.0,0,5001,True,False,False,765612,102,9,675,0,675,1608979755
898,292030,The Witcher 3: Wild Hunt,85011536,2887,english,6009,1611113788,1611113788,True,0,0,0.0,0,5001,True,False,False,765612,132,23,2400,278,2333,1611180864
902,292030,The Witcher 3: Wild Hunt,85010402,2887,english,2841,1611111873,1611111873,True,0,0,0.0,0,5001,True,False,False,765612,56,3,5975,0,5975,1597301892
906,292030,The Witcher 3: Wild Hunt,85010081,2887,english,1464,1611111331,1611111331,True,0,0,0.0,0,5001,True,False,False,765612,449,16,10393,2393,10393,1611110872
915,292030,The Witcher 3: Wild Hunt,85007091,2887,english,4761,1611105953,1611105953,True,2,0,0.545454562,0,5001,True,False,False,765612,136,31,19054,0,19054,1516417549
917,292030,The Witcher 3: Wild Hunt,85006961,2887,english,3295,1611105722,1611105722,True,0,0,0.0,0,5001,True,False,False,765612,60,1,2979,482,2904,1611110689
918,292030,The Witcher 3: Wild Hunt,85006931,2887,english,7867,1611105668,1611105668,True,0,0,0.0,0,5001,True,False,False,765612,10,2,4351,4224,4351,1611105597
919,292030,The Witcher 3: Wild Hunt,85006499,2887,english,2883,1611104879,1611104879,True,0,0,0.0,0,5001,True,False,False,765612,57,9,898,898,291,1611372665
937,292030,The Witcher 3: Wild Hunt,85002687,2887,english,5706,1611098636,1611098636,True,0,0,0.0,0,5001,True,False,False,765612,25,2,7200,5433,6104,1611370046
938,292030,The Witcher 3: Wild Hunt,85001871,2887,english,3601,1611097230,1611097230,True,0,0,0.0,0,5001,True,False,False,765612,40,1,2615,2615,2418,1611276226
939,292030,The Witcher 3: Wild Hunt,85001829,2887,english,6818,1611097169,1611097169,True,0,0,0.0,0,5001,True,False,False,765612,69,1,3538,3021,3310,1611271426
940,292030,The Witcher 3: Wild Hunt,85001551,2887,english,8512,1611096661,1611096661,True,0,0,0.0,0,5001,True,False,False,765612,272,12,13387,276,13348,1611100762
942,292030,The Witcher 3: Wild Hunt,85001060,2887,english,2186,1611095897,1611095897,True,0,0,0.0,0,5001,True,False,False,765612,42,2,11737,0,11737,1602014972
943,292030,The Witcher 3: Wild Hunt,85000787,2887,english,3758,1611095446,1611095446,True,0,0,0.0,0,5001,True,False,False,765612,17,2,6680,6675,5582,1611388127
953,292030,The Witcher 3: Wild Hunt,84998762,2887,english,3329,1611092238,1611092238,True,0,0,0.0,0,5001,True,False,False,765612,43,7,22578,0,22578,1574629614
956,292030,The Witcher 3: Wild Hunt,84997704,2887,english,2013,1611090728,1611090728,True,0,0,0.0,0,5001,True,False,False,765612,10,1,2125,1276,1498,1611355678
964,292030,The Witcher 3: Wild Hunt,84995803,2887,english,6938,1611088175,1611088175,True,0,0,0.0,0,5001,True,False,False,765612,41,1,14573,391,14573,1610914595
974,292030,The Witcher 3: Wild Hunt,84992877,2887,english,1749,1611084196,1611084196,True,0,0,0.0,0,5001,True,False,False,765612,22,2,1569,1569,493,1611386638
984,292030,The Witcher 3: Wild Hunt,84991188,2887,english,3887,1611082011,1611082011,True,0,0,0.0,0,5001,True,False,False,765612,137,5,5479,4064,4461,1611237715
987,292030,The Witcher 3: Wild Hunt,84990603,2887,english,6970,1611081246,1611081246,True,1,0,0.0,0,5001,True,False,False,765612,32,14,7124,2653,6478,1611350261
988,292030,The Witcher 3: Wild Hunt,84990256,2887,english,5255,1611080847,1611080847,True,0,0,0.0,0,5001,True,False,False,765612,82,4,4691,2827,3675,1611366827
991,292030,The Witcher 3: Wild Hunt,84989092,2887,english,2494,1611079414,1611079414,True,0,0,0.0,0,5001,True,False,False,765612,101,21,6917,140,6853,1611362178
993,292030,The Witcher 3: Wild Hunt,84988034,2887,english,4660,1611078027,1611078027,True,0,1,0.0,0,5001,True,False,False,765612,194,3,3003,1527,2784,1611379138
994,292030,The Witcher 3: Wild Hunt,84987863,2887,english,3336,1611077829,1611077829,True,0,0,0.0,0,5001,True,False,False,765612,201,6,17044,2369,17044,1611075523
995,292030,The Witcher 3: Wild Hunt,84987795,2887,english,5660,1611077740,1611077740,True,0,0,0.0,0,5001,True,False,False,765612,47,8,3799,3369,2802,1611348109
996,292030,The Witcher 3: Wild Hunt,84987754,2887,english,1230,1611077693,1611077693,True,0,0,0.0,0,5001,True,False,False,765612,8,3,9118,4853,8087,1611349946
